{
	"table":"A5",
	"name":"R-134A",
	"tMin":230,
	"tMax":370,
	"T":[230,240,250,260,270,280,290,300,310,320,330,340,350,360,370],
	"rho":[1426.8,1397.7,1367.9,1337.1,1305.1,1271.8,1236.8,1199.7,1159.9,1116.8,1069.1,1015.0,951.3,870.1,740.3],
	"cp":[1.249,1.267,1.287,1.308,1.333,1.361,1.393,1.432,1.481,1.543,1.627,1.751,1.961,2.437,5.105],
	"mu":[0.04912,0.04202,0.03633,0.03166,0.02775,0.02443,0.02156,0.01905,0.01680,0.01478,0.01292,0.01118,0.00951,0.00781,0.00580],
	"nu":[0.3443,0.3006,0.2656,0.2368,0.2127,0.1921,0.1744,0.1588,0.1449,0.1323,0.1209,0.1102,0.1000,0.0898,0.0783],
	"k":[112.1,107.3,102.5,97.9,93.4,89.0,84.6,80.3,76.1,71.8,67.5,63.1,58.6,54.1,51.8],
	"alpha":[0.629,0.606,0.583,0.560,0.537,0.514,0.491,0.468,0.443,0.417,0.388,0.355,0.314,0.255,0.137],
	"pr":[5.5,5.0,4.6,4.2,4.0,3.7,3.5,3.4,3.3,3.2,3.1,3.1,3.2,3.5,5.7],
	"beta":[2.02,2.11,2.23,2.36,2.53,2.73,2.98,3.30,3.73,4.33,5.19,6.57,9.10,15.39,55.24]
}