{
	"table":"A4",
	"name":"H2",
	"tMin":100,
	"tMax":2000,
	"T":[100,150,200,250,300,350,400,450,500,550,600,700,800,900,1000,1100,1200,1300,1400,1500,1600,1700,1800,1900,2000],
	"rho":[0.24255,0.16156,0.12115,0.09693,0.08078,0.06924,0.06059,0.05386,0.04848,0.04407,0.04040,0.03463,0.03030,0.02694,0.02424,0.02204,0.02020,0.01865,0.01732,0.01616,0.0152,0.0143,0.0135,0.0128,0.0121],
	"cp":[11.23,12.60,13.54,14.06,14.31,14.43,14.48,14.50,14.52,14.53,14.55,14.61,14.70,14.83,14.99,15.17,15.37,15.59,15.81,16.02,16.28,16.58,16.96,17.49,18.25],
	"mu":[42.1,56.0,68.1,78.9,89.6,98.8,108.2,117.2,126.4,134.3,142.4,157.8,172.4,186.5,201.3,213.0,226.2,238.5,250.7,262.7,273.7,284.9,296.1,307.2,318.2],
	"nu":[17.4,34.7,56.2,81.4,111,143,179,218,261,305,352,456,569,692,830,966,1120,1279,1447,1626,1801,1992,2193,2400,2630],
	"k":[67.0,101,131,157,183,204,226,247,266,285,305,342,378,412,448,488,528,568,610,655,697,742,786,835,878],
	"alpha":[24.6,49.6,79.9,115,158,204,258,316,378,445,519,676,849,1030,1230,1460,1700,1955,2230,2530,2815,3130,3435,3730,3975],
	"pr":[0.707,0.699,0.704,0.707,0.701,0.700,0.695,0.689,0.691,0.685,0.678,0.675,0.670,0.671,0.673,0.662,0.659,0.655,0.650,0.643,0.639,0.637,0.639,0.643,0.661]
}