{
	"table":"A5",
	"name":"R22",
	"tMin":230,
	"tMax":360,
	"T":[230,240,250,260,270,280,290,300,310,320,330,340,350,360],
	"rho":[1416.0,1386.6,1356.3,1324.9,1292.1,1257.9,1221.7,1183.4,1142.2,1097.4,1047.5,990.1,920.1,823.4],
	"cp":[1.087,1.100,1.117,1.137,1.161,1.189,1.223,1.265,1.319,1.391,1.495,1.665,1.997,3.001],
	"mu":[0.03558,0.03145,0.02796,0.02497,0.02235,0.02005,0.01798,0.01610,0.01438,0.01278,0.01127,0.00980,0.00831,0.00668],
	"nu":[0.2513,0.2268,0.2062,0.1884,0.1730,0.1594,0.1472,0.1361,0.1259,0.1165,0.1075,0.0989,0.0904,0.0811],
	"k":[114.5,109.8,105.2,100.7,96.2,91.7,87.2,82.6,78.1,73.4,68.6,63.6,58.3,53.1],
	"alpha":[0.744,0.720,0.695,0.668,0.641,0.613,0.583,0.552,0.518,0.481,0.438,0.386,0.317,0.215],
	"pr":[3.4,3.2,3.0,2.8,2.7,2.6,2.5,2.5,2.4,2.4,2.5,2.6,2.8,3.8],
	"beta":[2.05,2.16,2.29,2.45,2.63,2.86,3.15,3.51,4.00,4.69,5.75,7.56,11.35,23.88]
}