{
	"table":"A4",
	"name":"HE",
	"tMin":100,
	"tMax":1000,
	"T":[100,120,140,160,180,200,220,240,260,280,300,350,400,450,500,550,600,650,700,750,800,900,1000],
	"rho":[0.4871,0.4060,0.3481,"NaN",0.2708,"NaN",0.2216,"NaN",0.1875,"NaN",0.1625,"NaN",0.1219,"NaN",0.09754,"NaN","NaN","NaN",0.06969,"NaN","NaN","NaN",0.04879],
	"cp":[5.193,5.193,5.193,5.193,5.193,5.193,5.193,5.193,5.193,5.193,5.193,5.193,5.193,5.193,5.193,5.193,5.193,5.193,5.193,5.193,5.193,5.193,5.193],
	"mu":[96.3,107,118,129,139,150,160,170,180,190,199,221,243,263,283,"NaN",320,332,350,364,382,414,446],
	"nu":[19.8,26.4,33.9,"NaN",51.3,"NaN",72.2,"NaN",96.0,"NaN",122,"NaN",199,"NaN",290,"NaN","NaN","NaN",502,"NaN","NaN","NaN",914],
	"k":[73.0,81.9,90.7,99.2,107.2,115.1,123.1,130,137,145,152,170,187,204,220,"NaN",252,264,278,291,204,330,354],
	"alpha":[28.9,38.8,50.2,"NaN",76.2,"NaN",107,"NaN",141,"NaN",180,"NaN",295,"NaN",434,"NaN","NaN","NaN",768,"NaN","NaN","NaN",1400],
	"pr":[0.686,0.679,0.676,"NaN",0.673,"NaN",0.675,"NaN",0.682,"NaN",0.680,"NaN",0.675,"NaN",0.668,"NaN","NaN","NaN",0.654,"NaN","NaN","NaN",0.654]
}