{
	"table":"A4",
	"name":"Helium",
	"tMin":100,
	"tMax":1000,
	"T":[100,120,140,160,180,200,220,240,260,280,300,350,400,450,500,550,600,650,700,750,800,900,1000],
	"rho":[0.4871,0.4060,0.3481,"---",0.2708,"---",0.2216,"---",0.1875,"---",0.1625,"---",0.1219,"---",0.09754,"---","---","---",0.06969,"---","---","---",0.04879],
	"cp":[5.193,5.193,5.193,5.193,5.193,5.193,5.193,5.193,5.193,5.193,5.193,5.193,5.193,5.193,5.193,5.193,5.193,5.193,5.193,5.193,5.193,5.193,5.193],
	"mu":[96.3,107,118,129,139,150,160,170,180,190,199,221,243,263,283,"---",320,332,350,364,382,414,446],
	"nu":[19.8,26.4,33.9,"---",51.3,"---",72.2,"---",96.0,"---",122,"---",199,"---",290,"---","---","---",502,"---","---","---",914],
	"k":[73.0,81.9,90.7,99.2,107.2,115.1,123.1,130,137,145,152,170,187,204,220,"---",252,264,278,291,204,330,354],
	"alpha":[28.9,38.8,50.2,"---",76.2,"---",107,"---",141,"---",180,"---",295,"---",434,"---","---","---",768,"---","---","---",1400],
	"pr":[0.686,0.679,0.676,"---",0.673,"---",0.675,"---",0.682,"---",0.680,"---",0.675,"---",0.668,"---","---","---",0.654,"---","---","---",0.654]
}